Job ID,Job URL,Job Title,Company Name,Status,Timestamp,WP ID
639403064161b21e,https://sr.linkedin.com/jobs/view/b1-lae-a320-b737-short-term-france-at-aviation-jobsearch-europa-4436422364,B1 LAE | A320/B737 | Short-Term | France,,scraped,2026-07-07T02:14:49.552041,
02a5979f2b18d5ab,https://sr.linkedin.com/jobs/view/client-manager-suriname-at-wengage-suriname-4432783572,Client Manager Suriname,,scraped,2026-07-07T02:15:02.499040,
339c894fe1cb9f61,https://sr.linkedin.com/jobs/view/ux-ui-designer-at-the-flex-4436390255,UX/UI Designer,,scraped,2026-07-07T02:15:34.282982,
f2dc3e58961a679d,https://sr.linkedin.com/jobs/view/entrepreneur-in-residence-eir-at-the-flex-4436935870,Entrepreneur in Residence (EIR),,scraped,2026-07-07T02:15:41.786469,
b99e00d1ef479b3c,https://sr.linkedin.com/jobs/view/procurement-specialist-at-kintec-global-recruitment-4433952159,Procurement Specialist,,scraped,2026-07-07T02:15:48.877022,
42e483e6fae3c5d3,https://sr.linkedin.com/jobs/view/bdr-sales-executive-su-remote-at-core-code-io-4436283058,BDR - Sales Executive SU (Remote),,scraped,2026-07-07T02:15:56.197338,
66caa28e80e1f12c,https://sr.linkedin.com/jobs/view/hindi-qa-lead-remote-at-yo-it-consulting-4436021519,Hindi QA Lead - Remote,,scraped,2026-07-07T02:17:07.123951,
e744f2ade0206c51,https://sr.linkedin.com/jobs/view/university-lecturer-at-vanguard-foundation-4431969757,University Lecturer,Vanguard Foundation,posted,2026-07-07T02:17:51.012949,22
00a7f728bd685577,https://sr.linkedin.com/jobs/view/wholesale-manager-at-lucky-store-4433712207,Wholesale Manager,,scraped,2026-07-07T02:17:53.630023,
87d63c94c838fa66,https://sr.linkedin.com/jobs/view/suriname-paramaribo-inventory-planner-at-halliburton-4436223820,Suriname - Paramaribo: Inventory Planner,,scraped,2026-07-07T02:18:01.699673,
7e16c9fce67600ad,https://sr.linkedin.com/jobs/view/field-service-representative-at-airswift-4433977725,Field Service Representative,,scraped,2026-07-07T02:19:24.167773,
fcb403989ee2c3c1,https://sr.linkedin.com/jobs/view/software-engineer-at-vabam-holding-4431935541,Software Engineer,,scraped,2026-07-07T02:20:07.851592,
3f2109d0b1e07ed6,https://sr.linkedin.com/jobs/view/program-support-officer-at-un-volunteers-caribbean-4432312688,Program Support Officer,,scraped,2026-07-07T02:20:18.082283,
c36654a6c0a4ed73,https://sr.linkedin.com/jobs/view/ai-video-creator-at-the-flex-4436772631,AI Video Creator,,scraped,2026-07-07T02:20:25.305036,
3979948d6ba5bfdc,https://sr.linkedin.com/jobs/view/advisor-safety-at-newmont-corporation-4435223030,"Advisor, Safety",Newmont Corporation,posted,2026-07-07T02:20:47.653799,24
e2870496a68f5783,https://sr.linkedin.com/jobs/view/hr-administration-specialist-at-sbm-offshore-4435483478,HR Administration Specialist,,scraped,2026-07-07T02:20:50.265540,
a22016082a8cdf0e,https://sr.linkedin.com/jobs/view/suriname-operations-hsse-manager-gran-morgu-at-sbm-offshore-4399116278,Suriname Operations HSSE Manager - Gran Morgu,,scraped,2026-07-07T02:20:57.692488,
9ded87ffa5d8a264,https://sr.linkedin.com/jobs/view/procurement-stock-methods-sap-support-at-vinci-energies-4437473025,"Procurement, Stock, Methods & SAP support",,scraped,2026-07-07T02:21:05.580411,
9426837a3ea118e2,https://sr.linkedin.com/jobs/view/technico-commercial-spm-at-smith%2Bnephew-4426635261,Technico-commercial SPM,,scraped,2026-07-07T02:21:12.902690,
6b22166f644622da,https://sr.linkedin.com/jobs/view/repair-maintenance-technician-intervention-services-drilling-tools-at-weatherford-4426551271,Repair & Maintenance Technician -Intervention Services & Drilling Tools,Weatherford,posted,2026-07-07T02:22:34.235038,26
faef1ea7482e71c7,https://sr.linkedin.com/jobs/view/repair-maintenance-technician-tubular-running-services-at-weatherford-4426565171,Repair & Maintenance Technician - Tubular Running Services,Weatherford,posted,2026-07-07T02:23:50.647684,28
bdf91c7f4f15a7f7,https://sr.linkedin.com/jobs/view/delivery-manager-vestiging-highway-at-concentrix-4373165430,Delivery Manager (vestiging Highway),,scraped,2026-07-07T02:23:53.418453,
d95cb07c0594894a,https://sr.linkedin.com/jobs/view/contact-officer-voor-een-bekende-nederlandse-bank-jaggernath-lachmonstraat-at-concentrix-4413337268,Contact Officer voor een bekende Nederlandse bank (Jaggernath Lachmonstraat),,scraped,2026-07-07T02:24:00.863088,
49a93c3a8585019e,https://sr.linkedin.com/jobs/view/senior-teamleider-vestiging-highway-at-concentrix-4348206790,Senior Teamleider (vestiging Highway),Concentrix,posted,2026-07-07T02:24:14.743397,30
ed63dfca4b1ff8f3,https://sr.linkedin.com/jobs/view/job-technical-assistance-services-%E2%80%93-jetty-supervisor-at-vinci-energies-4437471103,Job Technical assistance Services – Jetty Supervisor,,scraped,2026-07-07T02:24:17.500352,
d4bc8a1838d55d61,https://sr.linkedin.com/jobs/view/klantenservicemedewerker-vodafoneziggo-jagernath-lachmonstraat-at-concentrix-4357540905,Klantenservicemedewerker VodafoneZiggo (Jagernath Lachmonstraat),,scraped,2026-07-07T02:24:24.795521,
25c2f16425b70c5a,https://sr.linkedin.com/jobs/view/klantenservicemedewerker-voor-een-spoorwegmaatschappij-highway-at-concentrix-4357460954,Klantenservicemedewerker voor een spoorwegmaatschappij (Highway),,scraped,2026-07-07T02:24:32.030448,
9b340662d24cbf22,https://sr.linkedin.com/jobs/view/klantenservicemedewerker-voor-een-internationale-webshop-at-concentrix-4373703277,Klantenservicemedewerker voor een internationale webshop,,scraped,2026-07-07T02:25:54.007878,
2664b870f0ec3f8f,https://sr.linkedin.com/jobs/view/operations-supervisor-at-kintec-global-recruitment-4433939545,Operations Supervisor,,scraped,2026-07-07T12:18:09.881268,
38f42ffa9e994964,https://sr.linkedin.com/jobs/view/field-clinical-specialist-m-f-d-transcatheter-mitral-tricuspid-therapies-at-edwards-lifesciences-4383684876,"Field Clinical Specialist (m,f,d) - Transcatheter Mitral & Tricuspid Therapies",Edwards Lifesciences,posted,2026-07-07T12:18:26.869524,32
56515e05b23c8f9e,https://sr.linkedin.com/jobs/view/field-clinical-specialist-imaging-m-f-d-transcatheter-mitral-tricuspid-therapies-at-edwards-lifesciences-4385453275,"Field Clinical Specialist, Imaging (m,f,d), Transcatheter Mitral & Tricuspid Therapies",Edwards Lifesciences,posted,2026-07-07T12:18:36.121097,34
df41856e2678c344,https://sr.linkedin.com/jobs/view/formateur-interne-relation-client-h-f-at-abeille-assurances-4434655528,Formateur Interne Relation Client (H/F),Abeille Assurances,posted,2026-07-07T12:18:56.278194,36
0c29cec919571148,https://sr.linkedin.com/jobs/view/program-support-officer-at-voluntarios-onu-am%C3%A9rica-latina-y-el-caribe-4435434854,Program Support Officer,Voluntarios ONU América Latina y el Caribe,posted,2026-07-07T12:19:10.719992,38
a2375771ce31cb0e,https://sr.linkedin.com/jobs/view/alternant-m%C3%A9canicien-agricole-ou-poids-lourds-f-h-at-aprr-4427113373,Alternant Mécanicien Agricole ou Poids Lourds F/H,,scraped,2026-07-07T12:19:15.420047,
0c12dccdf1c6a248,https://tt.linkedin.com/jobs/view/chief-operator-at-slb-4421958992,Chief Operator,SLB,posted,2026-07-07T20:32:42.254013,40
695ebb2d19d6b7d0,https://sr.linkedin.com/jobs/view/warehouse-attendant-operations-at-weatherford-4426564173,Warehouse Attendant - Operations,Weatherford,posted,2026-07-07T20:32:54.829945,42
69266fa841158721,https://sr.linkedin.com/jobs/view/officer-site-contract-admin-at-newmont-corporation-4437703543,"Officer, Site Contract Admin",Newmont Corporation,posted,2026-07-07T20:33:05.678295,44
55d18a76cca8b6a3,https://sr.linkedin.com/jobs/view/professional-services-consultant-at-freebalance-4434560405,Professional Services Consultant,,scraped,2026-07-07T20:33:10.422844,
72ebab31f67a6407,https://sr.linkedin.com/jobs/view/data-manager-at-totalenergies-4406636615,Data Manager,,scraped,2026-07-07T20:33:17.924547,
e7d4969bbf0c89a4,https://sr.linkedin.com/jobs/view/procurement-materials-specialist-at-brunel-4436808119,Procurement & Materials Specialist,,scraped,2026-07-07T20:33:27.318877,
dd39fa50cd79d68c,https://sr.linkedin.com/jobs/view/career-opportunities-engineer-production-sr%5E-1844-at-staatsolie-maatschappij-suriname-n-v-4434556346,Career Opportunities: Engineer Production Sr^ (1844),,scraped,2026-07-07T20:33:44.631673,
8124e5bb97271c55,https://sr.linkedin.com/jobs/view/fullstack-developer-senior-python-django-%2B-react-remote-latin-america-at-bluelight-4437857806,"Fullstack Developer (Senior) - Python (Django) + React - Remote, Latin America",Bluelight,posted,2026-07-07T20:34:07.319193,46
dda7924766736a11,https://sr.linkedin.com/jobs/view/fullstack-developer-senior-python-django-%2B-react-remote-latin-america-at-bluelight-4437865561,"Fullstack Developer (Senior) - Python (Django) + React - Remote, Latin America",Bluelight,posted,2026-07-07T20:34:12.364507,46
4bcaa04c370e8e0a,https://sr.linkedin.com/jobs/view/procurement-materials-coordinator-at-iota-group-4437752863,Procurement & Materials Coordinator,,scraped,2026-07-08T07:18:18.943376,
1818398270a92d07,https://sr.linkedin.com/jobs/view/international-talent-acquisition-freelancer-at-savior-artigos-texteis-lda-4436883625,International Talent Acquisition Freelancer,,scraped,2026-07-08T07:18:25.712614,
6581cbb3ce93c808,https://sr.linkedin.com/jobs/view/%23125768-taxonomy-analyst-language-specific-at-upwork-4434572381,#125768 - Taxonomy Analyst (Language Specific),Upwork,posted,2026-07-08T07:19:00.509754,58
e38ecba7efc36910,https://sr.linkedin.com/jobs/view/outbound-sales-specialist-%C2%B7-freelance-at-clientmind-4437803402,Outbound Sales Specialist (· freelance),,scraped,2026-07-08T07:19:09.104655,
a4d1badbc79d2301,https://sr.linkedin.com/jobs/view/channel-partner-manager-southern-europe-at-devrev-4427722558,Channel Partner Manager - Southern Europe,DevRev,posted,2026-07-08T07:19:22.630954,60
4d1b45aa4046ad14,https://sr.linkedin.com/jobs/view/service-manager-at-digicel-group-4414378071,Service Manager,,scraped,2026-07-08T07:19:27.305648,
6a03add2383463b9,https://sr.linkedin.com/jobs/view/superintendent-tailings-water-treatment-suriname-at-newmont-corporation-4436839577,"Superintendent, Tailings & Water Treatment Suriname",Newmont Corporation,posted,2026-07-08T13:20:14.615112,62
2dbab19162227e3c,https://sr.linkedin.com/jobs/view/responsable-des-partenariats-institutionnels-at-smith%2Bnephew-4437022860,Responsable des Partenariats institutionnels,,scraped,2026-07-08T13:20:27.369879,
afea11a5b96a944d,https://sr.linkedin.com/jobs/view/responsable-commercial-h%C3%B4pital-awm-at-smith%2Bnephew-4437044010,Responsable commercial Hôpital AWM,,scraped,2026-07-08T13:20:36.662180,
93727700704d3a7e,https://sr.linkedin.com/jobs/view/senior-sales-specialist-m-f-d-structural-heart-%E2%80%93-mitral-tricuspid-tmtt-rh%C3%B4ne%E2%80%91alpes-at-edwards-lifesciences-4398848064,"Senior Sales Specialist(m/f/d), Structural Heart – Mitral & Tricuspid (TMTT) | Rhône‑Alpes",Edwards Lifesciences,posted,2026-07-08T13:20:56.569698,64
75b549cc025bfae9,https://sr.linkedin.com/jobs/view/field-clinical-specialist-imaging-m-f-d-transcatheter-mitral-tricuspid-therapies-at-edwards-lifesciences-4385443753,"Field Clinical Specialist, Imaging (m,f,d), Transcatheter Mitral & Tricuspid Therapies",Edwards Lifesciences,posted,2026-07-08T13:21:08.344586,66
4137e4039ccb69cc,https://sr.linkedin.com/jobs/view/agent-polyvalent-s%C3%A9curit%C3%A9-et-entretien-f-h-at-aprr-4429570216,Agent polyvalent sécurité et entretien F/H,,scraped,2026-07-08T18:57:21.413116,
1fbc90d96fdd9cec,https://sr.linkedin.com/jobs/view/ent-technical-sales-representative-%E2%80%93-grand-ouest-at-smith%2Bnephew-4428054944,ENT Technical Sales Representative – Grand Ouest,,scraped,2026-07-08T18:57:28.847823,
b33141ca3910b730,https://sr.linkedin.com/jobs/view/international-field-service-representative-silvus-europe-at-silvus-technologies-4438199233,International Field Service Representative Silvus - Europe,Silvus Technologies,posted,2026-07-08T18:57:48.218355,68
a4a9d00f0f13c351,https://sr.linkedin.com/jobs/view/client-manager-klantcontact-organisatie-at-happy-capital-hrm-4437156991,Client Manager Klantcontact organisatie,,scraped,2026-07-08T18:57:50.899689,
946507f7d2f1548d,https://sr.linkedin.com/jobs/view/responsable-commercial-h%C3%B4pital-awm-at-smith%2Bnephew-4437028513,Responsable commercial Hôpital AWM,,scraped,2026-07-08T18:58:04.644299,
ecd8fa80f6141142,https://sr.linkedin.com/jobs/view/field-clinical-specialist-m-f-d-transcatheter-mitral-tricuspid-therapies-at-edwards-lifesciences-4385082040,"Field Clinical Specialist (m,f,d) - Transcatheter Mitral & Tricuspid Therapies",Edwards Lifesciences,posted,2026-07-08T18:58:27.184063,70
562cf07ba0272571,https://sr.linkedin.com/jobs/view/technician-environment-at-newmont-corporation-4437086725,"Technician, Environment",Newmont Corporation,posted,2026-07-08T23:44:53.134140,72
79a5107ccf5ab7b2,https://sr.linkedin.com/jobs/view/%F0%9D%97%A1%F0%9D%97%B2%F0%9D%98%81%F0%9D%98%84%F0%9D%97%B2%F0%9D%97%BF%F0%9D%97%B8%F0%9D%97%AF%F0%9D%97%B2%F0%9D%97%B5%F0%9D%97%B2%F0%9D%97%B2%F0%9D%97%BF%F0%9D%97%B1%F0%9D%97%B2%F0%9D%97%BF-%C3%B3%F0%9D%97%B3-%F0%9D%97%9D%F0%9D%98%82%F0%9D%97%BB%F0%9D%97%B6%F0%9D%97%BC%F0%9D%97%BF-%F0%9D%97%A1%F0%9D%97%B2%F0%9D%98%81%F0%9D%98%84%F0%9D%97%B2%F0%9D%97%BF%F0%9D%97%B8%F0%9D%97%AF%F0%9D%97%B2%F0%9D%97%B5%F0%9D%97%B2%F0%9D%97%B2%F0%9D%97%BF%F0%9D%97%B1%F0%9D%97%B2%F0%9D%97%BF%3F-at-lakhisaran-partners-accountants-and-tax-advisors-4434854937,𝗡𝗲𝘁𝘄𝗲𝗿𝗸𝗯𝗲𝗵𝗲𝗲𝗿𝗱𝗲𝗿 ó𝗳 𝗝𝘂𝗻𝗶𝗼𝗿 𝗡𝗲𝘁𝘄𝗲𝗿𝗸𝗯𝗲𝗵𝗲𝗲𝗿𝗱𝗲𝗿?,,scraped,2026-07-08T23:45:10.389634,
7f189adb0fbe27dd,https://sr.linkedin.com/jobs/view/senior-solutions-engineer-at-cloudera-4437095189,Senior Solutions Engineer,Cloudera,posted,2026-07-08T23:45:30.020660,74
d9de27a78be7f64e,https://sr.linkedin.com/jobs/view/jetty-supervisor-at-airswift-4434549560,Jetty Supervisor,Airswift,posted,2026-07-08T23:45:45.259416,76
3cb561fd55331dfa,https://sr.linkedin.com/jobs/view/jetty-supervisor-at-brunel-4436586448,Jetty Supervisor,,scraped,2026-07-08T23:45:49.929834,
d6cd933f504dc643,https://sr.linkedin.com/jobs/view/geologist-at-newmont-corporation-4437333319,Geologist,Newmont Corporation,posted,2026-07-09T11:26:02.256514,78
3f77f84f7d633c65,https://sr.linkedin.com/jobs/view/thv-field-clinical-specialist-m-f-d-sud-est-at-edwards-lifesciences-4434897557,THV Field Clinical Specialist (m/f/d) - Sud Est,Edwards Lifesciences,posted,2026-07-09T11:26:19.738657,80
58861a1454ccd25d,https://sr.linkedin.com/jobs/view/solutions-consultant-cloud-french-speaker-at-gtt-4435653719,Solutions Consultant - Cloud (French Speaker),GTT,posted,2026-07-09T11:26:35.365842,82
1baaaf6ed15d34d7,https://sr.linkedin.com/jobs/view/vazet-heeft-een-nieuwe-directeur-%E2%80%93-vazet-nieuws-at-vazet-creatie-4437107957,Vazet heeft een nieuwe directeur – Vazet Nieuws,,scraped,2026-07-09T18:27:33.657059,
fc9708ef971de192,https://sr.linkedin.com/jobs/view/international-talent-acquisition-freelancer-at-savior-artigos-texteis-lda-4437058439,International Talent Acquisition Freelancer,,scraped,2026-07-09T18:27:43.336548,
8516e847b98fb9bf,https://sr.linkedin.com/jobs/view/procurement-assistant-at-airswift-4438664952,Procurement Assistant,Airswift,posted,2026-07-09T18:28:01.695722,84
9e3cc309ad802fcd,https://sr.linkedin.com/jobs/view/assistant-coordinator-backup-english-teacher-at-kids-us-language-school-belux-4437563142,Assistant Coordinator / Backup English teacher,,scraped,2026-07-09T18:28:30.327707,
5ed03d784a0263f7,https://sr.linkedin.com/jobs/view/%23125768-taxonomy-analyst-language-specific-at-upwork-4435678182,#125768 - Taxonomy Analyst (Language Specific),Upwork,posted,2026-07-09T23:54:43.068486,58
81d66892928af47b,https://sr.linkedin.com/jobs/view/science-technology-advisor-technical-sales-at-10x-genomics-4430733209,Science & Technology Advisor (Technical Sales),10x Genomics,posted,2026-07-10T11:24:31.172088,86
52524c5897f69d18,https://sr.linkedin.com/jobs/view/international-brand-manager-at-the-heineken-company-4438319905,International Brand Manager,The HEINEKEN Company,posted,2026-07-10T18:09:26.225745,88
25b46039c9188309,https://sr.linkedin.com/jobs/view/accountant-at-tp-4439302800,Accountant,,scraped,2026-07-10T18:09:32.821843,
8623ad22044b38da,https://sr.linkedin.com/jobs/view/superintendent-housing-laundry-suriname-at-newmont-corporation-4429393697,Superintendent Housing & Laundry Suriname,Newmont Corporation,posted,2026-07-10T18:09:49.130519,90
23de85a2fa5bee9e,https://sr.linkedin.com/jobs/view/medewerker-finance-operations-at-procallcenter-3865199783,Medewerker Finance Operations,,scraped,2026-07-10T18:09:55.688006,
d3df1af27e8ffd84,https://sr.linkedin.com/jobs/view/sales-supervisor-at-beringia-consultancy-4435980769,Sales Supervisor,Beringia Consultancy,posted,2026-07-10T18:10:19.134424,92
5d5456a6e549a118,https://sr.linkedin.com/jobs/view/meewerkend-productieco%C3%B6rdinator-at-kaddour-rotterdam-4438324252,Meewerkend Productiecoördinator,,scraped,2026-07-10T18:10:29.563096,
e7629ac9c68ffe23,https://sr.linkedin.com/jobs/view/senior-sales-specialist-m-f-d-structural-heart-%E2%80%93-mitral-tricuspid-tmtt-centre-normandie-at-edwards-lifesciences-4427843681,"Senior Sales Specialist (m/f/d), Structural Heart – Mitral & Tricuspid (TMTT) | Centre Normandie",Edwards Lifesciences,posted,2026-07-10T18:10:46.140966,94
b9825e9713ea35d5,https://sr.linkedin.com/jobs/view/field-clinical-specialist-m-f-d-%E2%80%93-tricuspid-therapies-imaging-at-edwards-lifesciences-4427879526,"Field Clinical Specialist (m,f,d) – Tricuspid Therapies (Imaging)",Edwards Lifesciences,posted,2026-07-10T18:10:59.917162,96
b3c480de32c06197,https://sr.linkedin.com/jobs/view/procurement-specialist-at-tp-4439322012,Procurement Specialist,,scraped,2026-07-10T23:32:49.404722,
fb7f79a07ac8673d,https://sr.linkedin.com/jobs/view/formateur-formatrice-pao-at-hexagone-digitale-4439054121,Formateur / Formatrice PAO,,scraped,2026-07-10T23:33:14.935987,
50157452f5e5d602,https://sr.linkedin.com/jobs/view/medewerker-productie-at-kaddour-rotterdam-4438314563,Medewerker Productie,,scraped,2026-07-10T23:33:23.253996,
5e14e685e0862a05,https://sr.linkedin.com/jobs/view/technical-sales-voor-walloni%C3%AB-noord-frankrijk-at-smet-rental-machinery-4435967790,Technical Sales voor Wallonië & Noord-Frankrijk,,scraped,2026-07-10T23:33:29.563620,
85a7be1b66878855,https://sr.linkedin.com/jobs/view/vertegenwoordiger-noord-frankrijk-at-veranda-s-demasure-4438361309,Vertegenwoordiger Noord-Frankrijk,,scraped,2026-07-10T23:33:36.546016,
21d764b354595c99,https://sr.linkedin.com/jobs/view/sr-sales-off-trade-representative-at-the-heineken-company-4438365632,Sr. Sales Off-Trade Representative,The HEINEKEN Company,posted,2026-07-10T23:34:02.142066,98
5fcaf78db9c37081,https://sr.linkedin.com/jobs/view/suriname-amp-%238211-paramaribo-inventory-planner-at-mypetrocareer-com-4436633885,Suriname &amp;#8211; Paramaribo: Inventory Planner,,scraped,2026-07-11T07:22:54.854258,
972685444060efce,https://sr.linkedin.com/jobs/view/suriname-amp-%238211-paramaribo-cementing-operator-assistant-at-mypetrocareer-com-4436646257,Suriname &amp;#8211; Paramaribo: Cementing Operator Assistant,,scraped,2026-07-11T07:23:35.157743,
e838cbecac48322c,https://sr.linkedin.com/jobs/view/advisor-technical-training-work-coordination-at-newmont-corporation-4438377986,"Advisor, Technical Training, Work Coordination",Newmont Corporation,posted,2026-07-11T07:23:53.668564,100
f4afaf1d85381835,https://sr.linkedin.com/jobs/view/field-clinical-specialist-m-f-d-transcatheter-tricuspid-therapies-at-edwards-lifesciences-4427881485,"Field Clinical Specialist (m,f,d) - Transcatheter Tricuspid Therapies",Edwards Lifesciences,posted,2026-07-11T07:24:06.147567,102
7d85a3094ff1b215,https://sr.linkedin.com/jobs/view/suriname-amp-%238211-paramaribo-superintendent-amp-%238211-project-management-at-mypetrocareer-com-4436650174,Suriname &amp;#8211; Paramaribo: Superintendent &amp;#8211; Project Management,,scraped,2026-07-11T07:24:12.712959,
9776ed38f3239aa1,https://sr.linkedin.com/jobs/view/suriname-amp-%238211-paramaribo-data-engineer-amp-%238211-sperry-drilling-svcs-at-mypetrocareer-com-4436641304,Suriname &amp;#8211; Paramaribo: Data Engineer &amp;#8211; Sperry Drilling Svcs,,scraped,2026-07-11T11:33:32.523810,
deac70da41cac74b,https://sr.linkedin.com/jobs/view/english-to-dutch-marketing-translator-at-bruntwork-4436610473,English to Dutch Marketing Translator,,scraped,2026-07-11T11:34:02.665625,
a613d3080c529804,https://sr.linkedin.com/jobs/view/junior-accountant-at-tp-4439305752,Junior Accountant,,scraped,2026-07-11T11:34:12.358598,
66c7e20cbed1bdd2,https://sr.linkedin.com/jobs/view/business-trainer%0Alearn-more%0Aapply-now-at-actioninvest-consulting-and-engineering-ace-4439548912,"Business Trainer
Learn More
Apply Now",,scraped,2026-07-11T18:39:36.844810,
6a3b90bbff4c5db0,https://sr.linkedin.com/jobs/view/jr-on-trade-sales-representative-at-the-heineken-company-4438361718,Jr. On-Trade Sales Representative,The HEINEKEN Company,posted,2026-07-11T18:40:08.555751,104
2e4b933a13eb7aa6,https://sr.linkedin.com/jobs/view/preventiemedewerker-at-centraal-orgaan-opvang-asielzoekers-coa-4430946930,Preventiemedewerker,,scraped,2026-07-11T18:40:10.962070,
a9de2e8274481bf0,https://sr.linkedin.com/jobs/view/hulpverlener-alarmcentrale-at-concentrix-4399766572,Hulpverlener Alarmcentrale,Concentrix,posted,2026-07-11T21:02:38.417669,106
6704c292178498c2,https://sr.linkedin.com/jobs/view/field-clinical-specialist-mitral-therapies-r%C3%A9gion-nord-est-at-edwards-lifesciences-4417667407,"Field Clinical Specialist, Mitral Therapies - Région Nord Est",Edwards Lifesciences,posted,2026-07-11T21:03:13.532506,108
86322b24877daa5b,https://sr.linkedin.com/jobs/view/suriname-amp-%238211-paramaribo-field-service-manager-amp-%238211-wireline-and-perforating-at-mypetrocareer-com-4437263722,Suriname &amp;#8211; Paramaribo: Field Service Manager &amp;#8211; Wireline and Perforating,,scraped,2026-07-13T11:45:52.330075,
eb73efe7d3759f6f,https://sr.linkedin.com/jobs/view/suriname-amp-%238211-paramaribo-logistics-specialist-at-mypetrocareer-com-4436635609,Suriname &amp;#8211; Paramaribo: Logistics Specialist,,scraped,2026-07-13T11:46:02.436511,
44d8f740c638f449,https://sr.linkedin.com/jobs/view/zet-jouw-talent-in-at-marriage-encounter-nederland-4439542234,Zet jouw talent in,,scraped,2026-07-13T11:46:14.027554,
d4bdff90a585b8a7,https://sr.linkedin.com/jobs/view/business-mentor-at-creative-tech-hub-caribbean-4434802128,Business Mentor,,scraped,2026-07-13T11:46:35.076820,
8b144854f36f42b1,https://sr.linkedin.com/jobs/view/aviso-de-abertura-do-concurso-para-atribui%C3%A7%C3%A3o-de-uma-bolsa-de-investiga%C3%A7%C3%A3o-para-doutoramento-%E2%80%93-aviso-1-2022-at-greencity4aging-4439708124,AVISO DE ABERTURA DO CONCURSO PARA ATRIBUIÇÃO DE UMA BOLSA DE INVESTIGAÇÃO PARA DOUTORAMENTO – AVISO 1/2022,GreenCity4Aging,posted,2026-07-13T11:46:54.740725,110
a90b77e737516b18,https://sr.linkedin.com/jobs/view/contact-officer-voor-een-bekende-nederlandse-bank-vestiging-jaggernath-lachmonstraat-at-concentrix-4391519156,Contact Officer voor een bekende Nederlandse bank (vestiging Jaggernath Lachmonstraat),Concentrix,posted,2026-07-13T11:47:15.345523,112
dc74f22550e30b0c,https://sr.linkedin.com/jobs/view/rigger-at-digicel-group-4396253334,Rigger,,scraped,2026-07-20T11:25:09.691366,
fe079f783c154e7d,https://sr.linkedin.com/jobs/view/grey-market-executive-at-digicel-group-4419648440,Grey Market Executive,,scraped,2026-07-20T11:25:16.437927,
8e4d05665dbfca30,https://sr.linkedin.com/jobs/view/suriname-amp-%238211-paramaribo-procurement-specialist-at-mypetrocareer-com-4437663983,Suriname &amp;#8211; Paramaribo: Procurement Specialist,MyPetroCareer.com,posted,2026-07-20T11:26:41.763895,114
5c88a8bf06ca5c4d,https://sr.linkedin.com/jobs/view/medewerker-junior-real-time-managing-at-concentrix-4438734560,Medewerker Junior Real Time Managing,Concentrix,posted,2026-07-20T11:26:50.604566,116
028476a588aef2ed,https://sr.linkedin.com/jobs/view/career-opportunities-officer-sr-cash-management-1841-at-staatsolie-maatschappij-suriname-n-v-4437297130,Career Opportunities: Officer Sr. Cash Management (1841),,scraped,2026-07-20T11:26:53.203388,
6615cdb28486410e,https://sr.linkedin.com/jobs/view/idb-invest-risk-management-senior-associates-or-officers-talent-pool-at-idb-invest-4430273068,IDB Invest - Risk Management Senior Associates or Officers - Talent Pool,IDB Invest,posted,2026-07-20T11:27:05.440663,118
c4df899ad599b183,https://sr.linkedin.com/jobs/view/technician-suriname-at-a-igreja-de-jesus-cristo-dos-santos-dos-%C3%BAltimos-dias-4440053427,Technician - Suriname,,scraped,2026-07-20T11:27:08.078913,
3e9bb2cc388cdf76,https://sr.linkedin.com/jobs/view/brand-manager-heineken-at-the-heineken-company-4439928365,Brand Manager Heineken,The HEINEKEN Company,posted,2026-07-20T11:27:23.792359,120
789afb0e1ae34204,https://sr.linkedin.com/jobs/view/idb-invest-investment-management-analyst-or-associates-talent-pool-at-idb-invest-4430283176,IDB Invest - Investment Management Analyst or Associates - Talent Pool,IDB Invest,posted,2026-07-20T11:27:32.507548,122
2f906d3aa4c3398f,https://sr.linkedin.com/jobs/view/laundry-manager-at-ra-international-4438498859,Laundry Manager,,scraped,2026-07-20T11:27:35.116759,
e944048479aafb8d,https://sr.linkedin.com/jobs/view/projectleider-vastgoed-exploitatie-at-centraal-orgaan-opvang-asielzoekers-coa-4440971809,Projectleider Vastgoed Exploitatie,,scraped,2026-07-20T11:27:41.451394,
ebb124112668e776,https://sr.linkedin.com/jobs/view/consumer-sales-services-senior-manager-at-digicel-group-4439272145,Consumer Sales & Services Senior Manager,,scraped,2026-07-20T11:27:49.115787,
cc791d01c144f3b7,https://sr.linkedin.com/jobs/view/senior-commercial-training-manager-ortho-frabene-at-smith%2Bnephew-4319570342,Senior Commercial Training Manager Ortho FRABENE,,scraped,2026-07-20T11:27:55.662083,
395f08e71da1f5da,https://sr.linkedin.com/jobs/view/field-clinical-specialist-m-f-d-%E2%80%93-mitral-therapies-centre-loire-at-edwards-lifesciences-4413183092,"Field Clinical Specialist (m,f,d) – Mitral Therapies (Centre Loire)",Edwards Lifesciences,posted,2026-07-20T11:28:13.363329,124
c5cca79bd7d9813c,https://sr.linkedin.com/jobs/view/business-account-manager-at-digicel-group-4391438012,Business Account Manager,,scraped,2026-07-20T11:28:16.078665,
8ff5a9d4dc502ba8,https://sr.linkedin.com/jobs/view/clinical-manager-m-f-d-%E2%80%93-western-france-at-edwards-lifesciences-4413181199,"Clinical Manager (m,f,d) – Western France",Edwards Lifesciences,posted,2026-07-20T11:28:28.476005,126
8aba44833374f9a2,https://sr.linkedin.com/jobs/view/account-executive-defence-intelligence-france-at-planet-4374122643,"Account Executive, Defence & Intelligence, France",Planet,posted,2026-07-20T11:28:37.572533,128
b232c4adc01fa092,https://sr.linkedin.com/jobs/view/maatschappelijk-werker-at-stichting-opo-doro-thuisbegeleiding-4438092573,Maatschappelijk werker,Stichting Opo Doro Thuisbegeleiding,posted,2026-07-20T11:28:49.763369,130
5f8b75a8be9237af,https://sr.linkedin.com/jobs/view/all-rounder-at-superior-tank-and-pipe-group-n-v-4445668665,All-rounder,,scraped,2026-07-27T12:43:55.991455,
ff7be8868a06f7c5,https://sr.linkedin.com/jobs/view/maintenance-planner-at-superior-tank-and-pipe-group-n-v-4445659698,Maintenance Planner,,scraped,2026-07-27T12:44:14.966105,
298594477c0e191d,https://sr.linkedin.com/jobs/view/survey-technician-at-newmont-corporation-4444244605,Survey Technician,Newmont Corporation,posted,2026-07-27T12:44:30.400166,132
e3430a83ee45ee8d,https://sr.linkedin.com/jobs/view/quotes-tenders-specialist-sp%C3%A9cialiste-appels-d-offres-et-devis-france-f-h-at-boston-scientific-4445656632,Quotes & Tenders Specialist / Spécialiste Appels d'Offres et Devis - France F/H,Boston Scientific,posted,2026-07-27T12:44:39.643908,134
aa970cbf5d9a7ea9,https://sr.linkedin.com/jobs/view/accountmanager-vervuld-at-eagle-commerce-4444299775,Accountmanager (Vervuld),,scraped,2026-07-27T12:44:51.872911,
ba23880c95d1c886,https://sr.linkedin.com/jobs/view/inspecteur-%E2%80%93-zuid-nederland-32-37-5-uur-at-nmg-vastgoed-b-v-4440440361,"Inspecteur – Zuid- Nederland (32-37,5 uur)",,scraped,2026-07-27T12:44:58.428196,
b0d64a7173323382,https://sr.linkedin.com/jobs/view/uruchamiamy-dla-lokator%C3%B3w-centrum-obs%C5%82ugi-najemc%C3%B3w-at-miejski-zak%C5%82ad-zasob%C3%B3w-lokalowych-w-sosnowcu-4445907191,Uruchamiamy dla lokatorów Centrum Obsługi Najemców,Miejski Zakład Zasobów Lokalowych w Sosnowcu,posted,2026-07-27T12:45:13.233242,136
7a7f8cfd0cdacd86,https://sr.linkedin.com/jobs/view/career-opportunities-advisor-nov-management-1866-at-staatsolie-maatschappij-suriname-n-v-4441053809,Career Opportunities: Advisor NOV Management (1866),,scraped,2026-07-27T12:45:15.858295,
cecc26d4c7d0b0b2,https://sr.linkedin.com/jobs/view/legal-manager-at-cirkel-group-n-v-4440468158,Legal Manager,,scraped,2026-07-27T12:45:24.218539,
41ca6289f8a338ae,https://sr.linkedin.com/jobs/view/corporate-english-trainer-spanish-bilingual-at-gofluent-4443787222,Corporate English Trainer (Spanish Bilingual),,scraped,2026-07-27T12:45:30.346303,
22a236f2140da4f5,https://sr.linkedin.com/jobs/view/pathologiste-v%C3%A9t%C3%A9rinaire-en-laboratoire-de-diagnostic-at-sfapv-soci%C3%A9t%C3%A9-fran%C3%A7aise-d-anatomie-pathologique-v%C3%A9t%C3%A9rinaire-4443511992,Pathologiste vétérinaire en laboratoire de diagnostic,,scraped,2026-07-27T12:45:38.398480,
2d5394cae2fa2b44,https://sr.linkedin.com/jobs/view/budget-thuis-klantenservice-suriname-at-custom-connect-4443567544,Budget Thuis Klantenservice Suriname,,scraped,2026-07-27T12:45:45.261379,
082e5005af4768a3,https://sr.linkedin.com/jobs/view/corporate-english-trainer-spanish-bilingual-at-gofluent-4443832143,Corporate English Trainer (Spanish Bilingual),,scraped,2026-07-27T12:45:54.738404,
19d5482b3b2b1120,https://sr.linkedin.com/jobs/view/g%C3%A9om%C3%A8tre-automobile-h-f-at-m-r-ingenierie-4443196526,Géomètre Automobile (H/F),M.R. INGENIERIE,posted,2026-07-27T12:46:11.555607,138
e096661b10d1170d,https://sr.linkedin.com/jobs/view/douwe-dijkstra-en-de-sneue-vertoning-komen-met-nieuwe-voorstelling-infuusgabbers-at-popfabryk-4445642718,Douwe Dijkstra en de sneue vertoning komen met nieuwe voorstelling 'Infuusgabbers',,scraped,2026-07-27T12:46:13.974723,
d4e176eeb30359fa,https://sr.linkedin.com/jobs/view/account-manager-urology-bulkamid-southern-france-at-boston-scientific-4445666584,Account Manager - Urology (Bulkamid)- Southern France,Boston Scientific,posted,2026-07-27T12:46:30.170008,140
de487ecec44bca29,https://sr.linkedin.com/jobs/view/business-development-support-dutch-speaking-at-brain-quest-consultancy-and-training-4442729681,Business Development Support (Dutch Speaking),,scraped,2026-07-27T12:46:32.787549,
44d5582f84db1691,https://sr.linkedin.com/jobs/view/dan-hebben-wij-de-perfecte-uitdaging-voor-jou%21-at-blue-district-restaurant-4444892953,DAN HEBBEN WIJ DE PERFECTE UITDAGING VOOR JOU!,,scraped,2026-07-27T12:46:39.444978,
84438b246eea7373,https://sr.linkedin.com/jobs/view/consultant-architecte-java-france-paris-at-cast-italia-4443545576,Consultant Architecte Java - France / Paris,CAST ITALIA,posted,2026-07-27T12:46:54.040204,142
981ab30f3fcd8971,https://sr.linkedin.com/jobs/view/technicien-frigoriste-chartres-h-f-at-carrier-4441017080,Technicien frigoriste - Chartres H/F,Carrier,posted,2026-07-27T12:47:03.556551,144
5f8a38af97f10e5a,https://sr.linkedin.com/jobs/view/account-manager-division-coronaire-bourgogne-franche-comt%C3%A9-f-h-at-boston-scientific-4445673563,Account Manager division coronaire Bourgogne-Franche-Comté F/H,Boston Scientific,posted,2026-07-27T12:47:13.160122,146
a6977a8ac485c5fc,https://sr.linkedin.com/jobs/view/operational-leader-medior-senior-at-procallcenter-4443936132,Operational Leader medior/senior,,scraped,2026-07-27T12:47:15.762273,
815f60d9ebcd113d,https://sr.linkedin.com/jobs/view/idb-invest-institutional-and-corporate-legal-affairs-division-compliance-officer-at-idb-invest-4442371956,IDB Invest - Institutional and Corporate Legal Affairs Division - Compliance Officer,IDB Invest,posted,2026-07-27T12:47:31.175565,148
9ec10159ad4ab652,https://sr.linkedin.com/jobs/view/administratief-medewerker-at-vanguard-foundation-4440497152,Administratief Medewerker,,scraped,2026-07-27T12:47:33.785232,
5b927a737094bf6e,https://sr.linkedin.com/jobs/view/klantenservicemedewerker-voor-%C3%A9%C3%A9n-van-de-globale-leiders-in-de-liften-en-roltrappenindustrie-at-concentrix-4440174284,Klantenservicemedewerker voor één van de globale leiders in de liften- en roltrappenindustrie,Concentrix,posted,2026-07-27T12:47:50.627286,150
3ee0e593da805399,https://sr.linkedin.com/jobs/view/suriname-paramaribo-entry-level-technician-at-halliburton-4445762142,Suriname - Paramaribo: Entry level Technician,Halliburton,posted,2026-08-03T12:43:59.295387,152
2b7ba66b638ff4be,https://sr.linkedin.com/jobs/view/salud-auxiliar-at-valle-inmuebles-4447483544,Salud - Auxiliar,,scraped,2026-08-03T12:44:01.751325,
c23df087f1d1ded7,https://sr.linkedin.com/jobs/view/programador-web-at-webfindyou-espa%C3%B1ol-4444103177,Programador Web,WebFindYou Español,posted,2026-08-03T12:44:15.449579,154
99be3673ebc934a9,https://sr.linkedin.com/jobs/view/dise%C3%B1ador-gr%C3%A1fico-creativo-at-webfindyou-espa%C3%B1ol-4443693764,Diseñador Gráfico Creativo,WebFindYou Español,posted,2026-08-03T12:44:23.595367,156
998c8c448d1bf40c,https://sr.linkedin.com/jobs/view/editor-%E2%80%93-post-productor-creativo-at-webfindyou-espa%C3%B1ol-4443685959,Editor – Post-productor Creativo,WebFindYou Español,posted,2026-08-03T12:44:31.823667,158
296551b6d78ca41d,https://sr.linkedin.com/jobs/view/human-resources-officer-at-qualogy-caribbean-4443286721,Human Resources Officer,,scraped,2026-08-03T12:44:34.427139,
c0e449244414cd9e,https://sr.linkedin.com/jobs/view/responsible-pharmacist-at-pharmanovia-4446145560,Responsible Pharmacist,,scraped,2026-08-03T12:44:41.200426,
d001ff60de35b021,https://sr.linkedin.com/jobs/view/field-specialist-trainee-at-slb-4446044816,Field Specialist Trainee,SLB,posted,2026-08-03T12:44:53.384118,160
bfad93f5735c43fe,https://sr.linkedin.com/jobs/view/c%C3%A9line-fuhrer-at-vma-4446847362,CÉLINE FUHRER,,scraped,2026-08-03T12:44:55.726764,
da56e72061d804f9,https://sr.linkedin.com/jobs/view/team-lead-strategic-project-management-at-snz-sona-consulting-4446996261,Team Lead: Strategic Project Management,,scraped,2026-08-03T12:45:04.151610,
c58959ded5ce20e4,https://sr.linkedin.com/jobs/view/projekt-techniczny-at-biuro-architektoniczne-format-4448185379,Projekt techniczny,,scraped,2026-08-03T12:45:10.722769,
3cb887fb0307ecfb,https://sr.linkedin.com/jobs/view/projekt-wykonawczy-at-biuro-architektoniczne-format-4448175553,Projekt wykonawczy,,scraped,2026-08-03T12:45:19.298816,
69969b7bf2a79c0d,https://sr.linkedin.com/jobs/view/sales-manager-at-perfect-matching-4443643014,Sales Manager,Perfect Matching,posted,2026-08-03T12:45:32.406974,162
9cca4b4a7c6a4deb,https://sr.linkedin.com/jobs/view/projekt-architektoniczno-budowlany-at-biuro-architektoniczne-format-4448173589,Projekt architektoniczno-budowlany,,scraped,2026-08-03T12:45:34.765364,
5bacdf25ce77090e,https://sr.linkedin.com/jobs/view/financieel-controller-at-beyondjobs-4442863629,Financieel controller,BeyondJobs,posted,2026-08-03T12:45:49.166440,164
7f8c92de5b5ec8f8,https://sr.linkedin.com/jobs/view/dutch-audio-recording-specialist-ai-audio-project-at-gramian-consulting-4447060340,Dutch Audio Recording Specialist (AI Audio Project),,scraped,2026-08-03T12:45:51.865159,
c76b50158cbce67a,https://sr.linkedin.com/jobs/view/especialista-en-mercadeo-digital-biling%C3%BCe-at-webfindyou-espa%C3%B1ol-4444102176,Especialista en Mercadeo Digital Bilingüe,WebFindYou Español,posted,2026-08-03T12:46:04.726287,166
35ffeeac98dbde6c,https://sr.linkedin.com/jobs/view/team-coach-telecom-at-wengage-suriname-4446206743,Team Coach Telecom,WEngage Suriname,posted,2026-08-03T12:46:13.478883,168
d9a2e99e75ff840e,https://sr.linkedin.com/jobs/view/projekt-zagospodarowania-terenu-at-biuro-architektoniczne-format-4448182413,Projekt zagospodarowania terenu,,scraped,2026-08-03T12:46:15.818680,
7496fd94957704a7,https://sr.linkedin.com/jobs/view/praca-fizjoterapeuta-%E2%80%93-centrum-fizjoterapii-gami-at-centrum-fizjoterapii-gami-4445199201,Praca: Fizjoterapeuta – Centrum Fizjoterapii GAMI,,scraped,2026-08-03T12:46:22.949034,
74cb5be5dd4596bf,https://sr.linkedin.com/jobs/view/klantenservicemedewerkers-voor-vestiging-highway-at-concentrix-4442870475,Klantenservicemedewerkers voor vestiging Highway,Concentrix,posted,2026-08-03T12:46:40.939355,170
b7a12cd0fcb26c8b,https://sr.linkedin.com/jobs/view/representante-de-call-center-at-webfindyou-espa%C3%B1ol-4444102157,Representante de Call Center,WebFindYou Español,posted,2026-08-03T12:46:49.200426,172
bc0e4243068f8e3b,https://sr.linkedin.com/jobs/view/ejecutivo-de-cuentas-at-webfindyou-espa%C3%B1ol-4443689851,Ejecutivo de Cuentas,WebFindYou Español,posted,2026-08-03T12:46:57.508207,174
4bc6fe5b0e7bd9bb,https://sr.linkedin.com/jobs/view/ejecutivo-de-cuentas-pay-per-click-biling%C3%BCe-at-webfindyou-espa%C3%B1ol-4443692849,Ejecutivo de Cuentas Pay Per Click Bilingüe,WebFindYou Español,posted,2026-08-03T12:47:08.606140,176
bb99d72e2940ac37,https://sr.linkedin.com/jobs/view/redactor-mercadeo-digital-biling%C3%BCe-at-webfindyou-espa%C3%B1ol-4444100219,Redactor Mercadeo Digital Bilingüe,WebFindYou Español,posted,2026-08-03T12:47:17.318448,178
be7a633c4203c996,https://sr.linkedin.com/jobs/view/asistente-de-ventas-at-webfindyou-espa%C3%B1ol-4443689849,Asistente de Ventas,WebFindYou Español,posted,2026-08-03T12:47:25.758959,180
de5eed71700f54ad,https://sr.linkedin.com/jobs/view/candidature-libre-at-ciit%C3%A9l%C3%A9com-alerte-des-populations-4448854017,Candidature libre,,scraped,2026-08-10T05:51:59.681366,
76d51f9aae23e066,https://sr.linkedin.com/jobs/view/purchaser-suriname-at-fernandes-autohandel-n-v-4446209236,Purchaser - Suriname,,scraped,2026-08-10T05:52:14.050373,
43d0719aa9deabbc,https://sr.linkedin.com/jobs/view/advisor-transportation-logistics-at-newmont-corporation-4448564182,"Advisor, Transportation & Logistics",Newmont Corporation,posted,2026-08-10T05:52:29.643100,182
d40e9aba5b17bc75,https://sr.linkedin.com/jobs/view/naar-inhoud-at-lokaal-bestuur-lint-4451376274,Naar inhoud,,scraped,2026-08-10T05:52:34.213538,
108fef94e50237e0,https://sr.linkedin.com/jobs/view/accountmanager-vervuld-at-eagle-commerce-4449995879,Accountmanager (Vervuld),,scraped,2026-08-10T05:52:41.572063,
710943586fbd998f,https://sr.linkedin.com/jobs/view/senior-puzzler-at-puzzlesalads-4448569712,Senior Puzzler,,scraped,2026-08-10T05:52:50.473879,
9c6e0b6043f4fe85,https://sr.linkedin.com/jobs/view/project-manager-remote-latin-america-at-bluelight-4451359766,"Project Manager - Remote, Latin America",Bluelight,posted,2026-08-10T05:53:06.915685,184
c3e33b0f90062716,https://sr.linkedin.com/jobs/view/applications-specialist-m-w-d-waste-water-treatment-industrial-municipal-location-%E2%80%93-europe-at-solenis-4446228158,Applications Specialist (m/w/d) Waste Water Treatment (Industrial & Municipal) Location – Europe,Solenis,posted,2026-08-10T05:53:16.216991,186
660b3b149eddcc20,https://sr.linkedin.com/jobs/view/het-nieuwe-zwembad-en-de-blaalse-poel-dat-blijft-mijn-grootste-doel%21-at-bladel-transparant-4449650128,"Het nieuwe zwembad en de Blaalse Poel, dat blijft mijn grootste doel!",,scraped,2026-08-10T05:53:18.626145,
3f892e40f30b7315,https://sr.linkedin.com/jobs/view/branding-and-communication-leader-at-graitec-italy-4448978776,Branding and Communication Leader,GRAITEC Italia,posted,2026-08-10T05:54:13.977817,188
721c61a6de33167e,https://sr.linkedin.com/jobs/view/global-supply-chain-network-manager-at-viatris-4432247247,Global Supply Chain Network Manager,Viatris,posted,2026-08-10T05:54:23.922189,190
73db0a480fccf421,https://sr.linkedin.com/jobs/view/data-engineer-at-consulytic-4445531579,Data Engineer,,scraped,2026-08-10T05:54:28.467020,
54ad2d43b340f274,https://sr.linkedin.com/jobs/view/legal-counsel-at-totalenergies-4366370589,Legal Counsel,,scraped,2026-08-10T05:54:37.058232,
7d4d8009f886d0f0,https://sr.linkedin.com/jobs/view/head-of-business-development-europe-at-viatris-4384595702,"Head of Business Development, Europe",Viatris,posted,2026-08-10T05:54:50.545799,192
d222bdc41eead334,https://sr.linkedin.com/jobs/view/opzichter-vastgoed-en-beheer-at-centraal-orgaan-opvang-asielzoekers-coa-4440982228,Opzichter vastgoed en beheer,,scraped,2026-08-10T05:54:52.951251,
bb3af6dd4ed47047,https://sr.linkedin.com/jobs/view/leerling-stagiair-at-lorsheijd-groen-4449335575,Leerling/stagiair,,scraped,2026-08-10T05:55:00.484836,
2344be6d7c4f789c,https://sr.linkedin.com/jobs/view/puzzler-brig%C3%A1dn%C3%ADk-at-puzzlesalads-4448564767,Puzzler brigádník,,scraped,2026-08-10T05:55:08.076090,
a042566bbbf57b18,https://sr.linkedin.com/jobs/view/radioloog-0-7-1-0-fte-zaans-medisch-centrum-at-sectie-hoofd-halsradiologie-van-de-nederlandse-vereniging-voor-radiologie-nvvr-4448095732,"Radioloog (0,7 - 1,0 fte), Zaans Medisch Centrum",Sectie Hoofd-Halsradiologie van de Nederlandse Vereniging voor Radiologie (NVvR),posted,2026-08-10T05:55:22.030633,194
9a70a0e48def985a,https://sr.linkedin.com/jobs/view/international-investment-broker-suriname-investment-platform-sip-at-suriname-investment-platform-4448456196,International Investment Broker - Suriname Investment Platform (SIP),,scraped,2026-08-10T05:55:24.641811,
15cbf4d78ed2af4a,https://sr.linkedin.com/jobs/view/sports-data-collector-football-paramaribo-suriname-at-genius-sports-4430642492,"Sports Data Collector (Football) - Paramaribo, Suriname",,scraped,2026-08-10T05:55:34.100420,
4907ea1f32877bc9,https://sr.linkedin.com/jobs/view/b1-and-or-b2-licensed-a320-engineers-oct-jan-at-aviation-jobsearch-europa-4450794162,B1 and/or B2 Licensed A320 Engineers OCT - JAN,Aviation JobSearch Europa,posted,2026-08-10T05:55:47.446157,196
369fcab2a576dbf4,https://sr.linkedin.com/jobs/view/sports-data-collector-football-moengo-suriname-at-genius-sports-4428962971,"Sports Data Collector (Football) - Moengo, Suriname",,scraped,2026-08-10T05:55:49.856697,
bbf45bcb65fa1659,https://sr.linkedin.com/jobs/view/aviso-de-abertura-do-concurso-para-atribui%C3%A7%C3%A3o-de-uma-bolsa-de-investiga%C3%A7%C3%A3o-para-doutoramento-%E2%80%93-aviso-1-2022-at-greencity4aging-4449988423,AVISO DE ABERTURA DO CONCURSO PARA ATRIBUIÇÃO DE UMA BOLSA DE INVESTIGAÇÃO PARA DOUTORAMENTO – AVISO 1/2022,GreenCity4Aging,posted,2026-08-10T05:56:04.298749,198
7698592a8a424acf,https://sr.linkedin.com/jobs/view/technical-sales-voor-walloni%C3%AB-noord-frankrijk-at-smet-rental-machinery-4447315265,Technical Sales voor Wallonië & Noord-Frankrijk,,scraped,2026-08-10T05:56:06.859638,
55ea23765e936a0f,https://sr.linkedin.com/jobs/view/chauffeurs-nationaal-%0Ainternationaal-at-van-duijn-coldstore-b-v-4447351443,"Chauffeurs nationaal/
internationaal",,scraped,2026-08-10T05:56:17.416225,
ffcc921763d683da,https://sr.linkedin.com/jobs/view/talent-sourcing-placement-officer-at-global-university-systems-4453693916,Talent Sourcing & Placement Officer,,scraped,2026-08-17T01:59:30.299932,
02b23f79d0388b28,https://sr.linkedin.com/jobs/view/business-to-business-officer-at-n-v-consolidated-industries-corporation-4451235373,Business to business Officer,,scraped,2026-08-17T01:59:40.685150,
2e63dd1bd0516699,https://sr.linkedin.com/jobs/view/national-international-admissions-officers-at-global-university-systems-4454082395,National & International Admissions Officers,,scraped,2026-08-17T01:59:49.771552,
18ae74a5cd2eadb3,https://sr.linkedin.com/jobs/view/career-opportunities-technician-maintenance-ii-1864-at-staatsolie-maatschappij-suriname-n-v-4449842704,Career Opportunities: Technician Maintenance II (1864),,scraped,2026-08-17T01:59:55.697427,
e40be78f18c74426,https://sr.linkedin.com/jobs/view/auto-lease-company-at-concentrix-4440176079,Auto lease Company,Concentrix,posted,2026-08-17T02:00:15.697407,200
f04501154fc2770f,https://sr.linkedin.com/jobs/view/senior-manager-medical-education-ortho-frabene-at-smith%2Bnephew-4442057323,"Senior Manager, Medical Education, Ortho FraBeNe",,scraped,2026-08-17T02:00:18.231259,
2f410db10e126df2,https://sr.linkedin.com/jobs/view/conseiller-scientifique-et-m%C3%A9dico-%C3%A9conomique-at-smith%2Bnephew-4442094919,Conseiller Scientifique et Médico-économique,,scraped,2026-08-17T02:00:26.175125,
6d7997640db4940f,https://sr.linkedin.com/jobs/view/administratieve-duizendpoot-m-v-at-accent-avondonderwijs-4455221320,ADMINISTRATIEVE DUIZENDPOOT (M/V),,scraped,2026-08-17T02:00:35.972655,
ec826db5fcea5bcf,https://sr.linkedin.com/jobs/view/jeugdarts-0-4-en-4-18-jaar-%E2%80%93-apeldoorn-2x-24-32-uur-per-week-at-gemeente-apeldoorn-4431098441,Jeugdarts 0-4 en 4-18 jaar – Apeldoorn (2x 24- 32 uur per week),,scraped,2026-08-17T02:00:44.784005,
6733fc5806571fa8,https://sr.linkedin.com/jobs/view/domein-architect-at-recint-b-v-4454067186,Domein Architect,,scraped,2026-08-17T02:00:52.853480,
484dabc65e248daf,https://sr.linkedin.com/jobs/view/uitvoerder-construction-site-manager-at-hi-next-4454091390,Uitvoerder (Construction Site Manager),Hi Next,posted,2026-08-17T02:01:07.553528,202
540e0b4408f4c69e,https://sr.linkedin.com/jobs/view/senior-flask%2Breact-fullstack-developer-remote-latin-america-at-bluelight-4455212330,"Senior Flask+React Fullstack Developer - Remote, Latin America",Bluelight,posted,2026-08-17T02:01:16.338730,204
d21c9509f9f0c76f,https://sr.linkedin.com/jobs/view/senior-flask%2Breact-fullstack-developer-remote-latin-america-at-bluelight-4455230259,"Senior Flask+React Fullstack Developer - Remote, Latin America",Bluelight,posted,2026-08-17T02:01:25.064340,206
87e9f967ba73fef6,https://sr.linkedin.com/jobs/view/direct-sales-agent-at-digicel-group-4445053419,Direct Sales Agent,,scraped,2026-08-17T02:01:27.783844,
c665944114b1de23,https://sr.linkedin.com/jobs/view/remote-student-advisor-at-global-university-systems-4453694806,Remote Student Advisor,,scraped,2026-08-17T02:01:34.236266,
aa8366769537fe85,https://sr.linkedin.com/jobs/view/senior-accountant-at-totalenergies-4443575770,Senior Accountant,,scraped,2026-08-17T02:01:40.597567,
696029d2d5a9f65d,https://sr.linkedin.com/jobs/view/klantenservicemedewerker-voor-een-bekende-nederlandse-webwinkel-highway-at-concentrix-4373720144,Klantenservicemedewerker voor een bekende Nederlandse webwinkel (HIGHWAY),Concentrix,posted,2026-08-17T02:01:57.453198,208
be8ea87889995b3e,https://sr.linkedin.com/jobs/view/technico-commercial-e-m%C3%A9decine-du-sport-sud-de-la-france-at-smith%2Bnephew-4426635261,Technico-Commercial(e) Médecine du Sport - Sud de la France,,scraped,2026-08-17T02:02:05.974592,
45052ff475f99b4d,https://sr.linkedin.com/jobs/view/hr-department-manager-at-sbm-offshore-n-v-4457887826,HR Department Manager,SBM Offshore N.V.,posted,2026-08-24T02:02:29.199353,210
f20c53cea863931c,https://sr.linkedin.com/jobs/view/marketing-positions-at-ox88-4452276646,Marketing Positions,,scraped,2026-08-24T02:02:31.808589,
95dc601f3f408618,https://sr.linkedin.com/jobs/view/career-opportunities-buyer-sr-1868-at-staatsolie-maatschappij-suriname-n-v-4453466381,Career Opportunities: Buyer Sr. (1868),,scraped,2026-08-24T02:03:44.335598,
0283f5353b135c8f,https://sr.linkedin.com/jobs/view/supply-chain-manager-at-torarica-group-4455323864,Supply Chain Manager,,scraped,2026-08-24T02:03:50.646146,
0bce748bbec8c597,https://sr.linkedin.com/jobs/view/business-development-representative-latin-america-remote-position-at-bluelight-4458151009,"Business Development Representative, Latin America, Remote position",Bluelight,posted,2026-08-24T02:04:04.709100,212
40b03f82f9a01a0a,https://sr.linkedin.com/jobs/view/project-coordinator-at-cirkel-group-n-v-4453471879,Project Coordinator,,scraped,2026-08-24T02:04:07.278514,
f02e0f3ed552344d,https://sr.linkedin.com/jobs/view/business-development-representative-latin-america-remote-position-at-bluelight-4458137018,"Business Development Representative, Latin America, Remote position",Bluelight,posted,2026-08-24T02:04:15.596716,212
bba81b3476f2c0dc,https://sr.linkedin.com/jobs/view/teamlead-recruitment-at-yource-suriname-4452828496,Teamlead Recruitment,,scraped,2026-08-24T02:04:18.193742,
cec780f10fa70712,https://sr.linkedin.com/jobs/view/sales-account-manager-at-pbs-group-limited-4453471269,Sales Account Manager,,scraped,2026-08-24T02:04:25.243545,
ca8701d720cfca8e,https://sr.linkedin.com/jobs/view/marketer-at-bits-please-technologies-4455963463,Marketer,,scraped,2026-08-24T02:04:31.573279,
6f2c3b886029d2b0,https://sr.linkedin.com/jobs/view/hseq-supervisor-at-airswift-4457831270,HSEQ Supervisor,Airswift,posted,2026-08-24T02:04:44.623913,214
e08c41680549ea66,https://sr.linkedin.com/jobs/view/junior-electrical-and-instrumentation-technician-at-electrical-controls-and-instrumentation-services-n-v-4453486074,Junior Electrical and Instrumentation Technician,Electrical Controls and Instrumentation Services N.V.,posted,2026-08-24T02:04:57.389000,216
f4f3c33c8215b8bc,https://sr.linkedin.com/jobs/view/wij-zijn-op-zoek-naar-een-technisch-assistent-dienst-wegen-rioleringen-at-stadsbestuur-van-lokeren-4454250494,Wij zijn op zoek naar een Technisch assistent - dienst Wegen & Rioleringen,,scraped,2026-08-24T02:05:00.165120,
7c84af2ad0f33a67,https://sr.linkedin.com/jobs/view/idb-invest-financial-analyst-consultant-1-at-idb-invest-4454160253,IDB Invest- Financial Analyst Consultant 1,IDB Invest,posted,2026-08-24T02:05:13.454328,218
12638dfacf6c630b,https://sr.linkedin.com/jobs/view/sales-account-executive-at-aspen-technology-4445010583,Sales Account Executive,Aspen Technology,posted,2026-08-24T02:05:22.180724,220
8058618938519967,https://sr.linkedin.com/jobs/view/country-manager-suriname-at-pum-4456318389,Country Manager Suriname,,scraped,2026-08-24T02:05:24.751787,
d8542e6505dfc6f8,https://sr.linkedin.com/jobs/view/patrouilleur-f-h-at-aprr-4457373654,Patrouilleur F/H,,scraped,2026-08-24T02:05:33.631424,
795f56d6fc8ba1ed,https://sr.linkedin.com/jobs/view/intern-mine-geosciences-at-newmont-corporation-4455462011,"Intern, Mine Geosciences",Newmont Corporation,posted,2026-08-24T02:05:55.749727,222
f88c07cf03efc4d9,https://sr.linkedin.com/jobs/view/intern-mine-engineering-at-newmont-corporation-4455464003,"Intern, Mine Engineering",Newmont Corporation,posted,2026-08-24T02:06:04.856696,224
14bc2a77d272cc87,https://sr.linkedin.com/jobs/view/intern-assay-lab-at-newmont-corporation-4456037326,"Intern, Assay Lab",Newmont Corporation,posted,2026-08-24T02:06:13.616099,226
650c225a9866d6ed,https://sr.linkedin.com/jobs/view/intern-mine-geology-at-newmont-corporation-4455455056,"Intern, Mine Geology",Newmont Corporation,posted,2026-08-24T02:06:22.239133,228
7d855c437ceb4ee4,https://sr.linkedin.com/jobs/view/intern-asset-health-condition-monitoring-at-newmont-corporation-4456044311,"Intern, Asset Health & Condition Monitoring",Newmont Corporation,posted,2026-08-24T02:06:31.098113,230
7965dc93fe4ce2c0,https://sr.linkedin.com/jobs/view/technicien-expert-automobile-h-f-at-volkswagen-group-france-formation-rh-r%C3%A9seaux-4457508738,Technicien expert automobile (H/F),Volkswagen Group France Formation &amp; RH Réseaux,posted,2026-08-24T02:06:41.608951,232
458259c7f8b41ed1,https://sr.linkedin.com/jobs/view/patrouilleur-f-h-at-aprr-4457360757,Patrouilleur F/H,,scraped,2026-08-24T02:06:44.150938,
336a0085cb261b24,https://sr.linkedin.com/jobs/view/information-security-officer-at-kersten-group-of-companies-4458743280,Information Security Officer,,scraped,2026-08-31T05:49:24.816432,
2a43dd8e2a07d9a1,https://sr.linkedin.com/jobs/view/production-employee-at-kersten-group-of-companies-4458736279,Production Employee,,scraped,2026-08-31T05:49:36.467283,
f0e4ea97a45a569b,https://sr.linkedin.com/jobs/view/maintenance-associate-at-slb-4446042817,Maintenance Associate,SLB,posted,2026-08-31T05:49:56.423761,234
1de84965a9b9d624,https://sr.linkedin.com/jobs/view/supply-chain-analyst-at-carrier-4457705073,Supply Chain Analyst,Carrier,posted,2026-08-31T05:50:12.735494,236
b97fd4376697748c,https://sr.linkedin.com/jobs/view/operator-at-slb-4458431346,Operator,SLB,posted,2026-08-31T05:50:23.057692,238
c029c39bc9864483,https://sr.linkedin.com/jobs/view/service-advisor-at-fernandes-autohandel-n-v-4457265319,Service Advisor,,scraped,2026-08-31T05:50:25.629647,
b0ca995736ea22ca,https://sr.linkedin.com/jobs/view/career-opportunities-teamlead-petroleum-system-modeling-1884-at-staatsolie-maatschappij-suriname-n-v-4457243200,Career Opportunities: Teamlead Petroleum System Modeling (1884),,scraped,2026-08-31T05:50:34.434554,
ebdf6effc25ad57b,https://sr.linkedin.com/jobs/view/senior-field-sales-at-fortee-4460865226,"Senior, Field Sales",,scraped,2026-08-31T05:50:43.342822,
dc8ed0fc0b499eaa,https://sr.linkedin.com/jobs/view/technicien-de-maintenance-f-h-at-aprr-4458782969,Technicien de maintenance F/H,,scraped,2026-08-31T05:50:52.063216,
364e11c58ab454e7,https://sr.linkedin.com/jobs/view/opzichter-vastgoed-en-beheer-at-centraal-orgaan-opvang-asielzoekers-coa-4440550542,Opzichter vastgoed en beheer,,scraped,2026-08-31T05:50:59.005724,
b653ff3710441062,https://sr.linkedin.com/jobs/view/supervisor-project-engineering-at-newmont-corporation-4458329260,"Supervisor, Project Engineering",Newmont Corporation,posted,2026-08-31T05:51:15.018216,240
5f53a9232eaf4d7e,https://sr.linkedin.com/jobs/view/global-sales-director-software-at-materialise-4458641121,Global Sales Director - Software,,scraped,2026-08-31T05:51:17.506499,
24ef7fc7c985b923,https://sr.linkedin.com/jobs/view/ouvrier-autoroutier-f-h-at-aprr-4458239660,Ouvrier autoroutier F/H,,scraped,2026-08-31T05:51:24.586531,
31a5d57796b5dbc2,https://sr.linkedin.com/jobs/view/sr-sales-account-manager-at-aspen-technology-4392645949,Sr Sales Account Manager,Aspen Technology,posted,2026-08-31T05:51:39.277122,242
72594821adf3ab18,https://sr.linkedin.com/jobs/view/responsable-commercial-h%C3%B4pital-awm-lyon-at-smith%2Bnephew-4439850253,Responsable Commercial Hôpital AWM - Lyon,,scraped,2026-08-31T05:51:43.947756,
5082b94d94f81fa9,https://sr.linkedin.com/jobs/view/technical-calculator-at-kersten-group-of-companies-4458738265,Technical Calculator,,scraped,2026-08-31T05:51:52.085318,
71099fbd8d08726e,https://sr.linkedin.com/jobs/view/hseq-officer-at-kersten-group-of-companies-4458738263,HSEQ Officer,,scraped,2026-08-31T05:52:01.960022,
11dcac89efe78937,https://sr.linkedin.com/jobs/view/officer-treasury-%E2%80%93-risk-and-compliance-at-kersten-group-of-companies-4458744196,Officer Treasury – Risk and Compliance,,scraped,2026-08-31T05:52:11.677255,
76519dcdd87cedfc,https://sr.linkedin.com/jobs/view/production-operator-at-kersten-group-of-companies-4458745184,Production Operator,,scraped,2026-08-31T05:52:21.395740,
d2fcf850aa85d1a8,https://sr.linkedin.com/jobs/view/officer-controlling-at-kersten-group-of-companies-4458741240,Officer Controlling,,scraped,2026-08-31T05:52:30.997497,
b38f93ddac3a21e1,https://sr.linkedin.com/jobs/view/product-development-quality-control-technician-at-kersten-group-of-companies-4458743273,Product Development & Quality Control Technician,,scraped,2026-08-31T05:52:40.361975,
27ed1bcc9d8d9173,https://sr.linkedin.com/jobs/view/field-specialist-trainee-at-slb-4456990982,Field Specialist Trainee,SLB,posted,2026-08-31T05:52:52.347908,160
71ff6e10737c551e,https://sr.linkedin.com/jobs/view/first-class-technician-at-kersten-group-of-companies-4458738266,First Class Technician,,scraped,2026-08-31T05:52:54.854960,
c4954e139cf15175,https://sr.linkedin.com/jobs/view/idb-invest-asset-liability-management-consultant-at-idb-invest-4459887873,IDB Invest - Asset Liability Management Consultant,IDB Invest,posted,2026-08-31T05:53:12.622814,244
76950d857a07cc93,https://sr.linkedin.com/jobs/view/manager-office-at-kersten-group-of-companies-4458736277,Manager Office,,scraped,2026-08-31T05:53:15.233377,
f71534889a3b327c,https://sr.linkedin.com/jobs/view/responsable-commercial-h%C3%B4pital-awm-savoie-%E2%80%93-is%C3%A8re-at-smith%2Bnephew-4439852166,Responsable Commercial Hôpital AWM - Savoie – Isère,,scraped,2026-08-31T05:53:24.881344,
e5587392394555d4,https://sr.linkedin.com/jobs/view/career-opportunities-lead-counsel-legal-compliance-1882-at-staatsolie-maatschappij-suriname-n-v-4455894751,Career Opportunities: Lead Counsel Legal Compliance (1882),,scraped,2026-08-31T05:53:33.141693,
cb71bc862d1db30b,https://sr.linkedin.com/jobs/view/full-stack-laravel-%2B-react-developer-remote-latin-america-at-bluelight-4461025368,"Full Stack Laravel + React Developer - Remote, Latin America",Bluelight,posted,2026-08-31T05:53:46.981588,246
a7bd18c87fd5ef3b,https://sr.linkedin.com/jobs/view/repr%C3%A9sentant-e-commercial-e-recon-robotics-%E2%80%93-sud-ouest-atlantique-at-smith%2Bnephew-4440210291,Représentant(e) Commercial(e) Recon Robotics – Sud-Ouest Atlantique,,scraped,2026-08-31T05:53:49.507815,
f56e2cec9d7471f2,https://sr.linkedin.com/jobs/view/full-stack-laravel-%2B-react-developer-remote-latin-america-at-bluelight-4461027357,"Full Stack Laravel + React Developer - Remote, Latin America",Bluelight,posted,2026-08-31T05:54:00.727664,246
29b8302c560069d3,https://sr.linkedin.com/jobs/view/praxe-a-st%C3%A1%C5%BEe-v-contipru-at-university-of-chemistry-and-technology-in-prague-uct-prague-4458818045,Praxe a stáže v Contipru,University of Chemistry and Technology in Prague (UCT Prague),posted,2026-08-31T05:54:12.074547,248
282c3fc1525aed07,https://sr.linkedin.com/jobs/view/chce%C5%A1-si-vyd%C4%9Blat-a-poznat-m%C4%9Bsto-jinak%3F-at-university-of-chemistry-and-technology-in-prague-uct-prague-4458811056,Chceš si vydělat a poznat město jinak?,University of Chemistry and Technology in Prague (UCT Prague),posted,2026-08-31T05:54:24.032695,250
0b2911cb66d4723b,https://sr.linkedin.com/jobs/view/laborant-ka-at-university-of-chemistry-and-technology-in-prague-uct-prague-4458824008,LABORANT/KA,University of Chemistry and Technology in Prague (UCT Prague),posted,2026-08-31T05:54:35.722078,252
9e2bacb6d33c6e82,https://sr.linkedin.com/jobs/view/brig%C3%A1da-pro-studenta-ur%C4%8Dovan%C3%AD-ryzost%C3%AD-kupelac%C3%AD-at-university-of-chemistry-and-technology-in-prague-uct-prague-4458813062,Brigáda pro studenta - určovaní ryzostí kupelací,University of Chemistry and Technology in Prague (UCT Prague),posted,2026-08-31T05:54:48.083003,254
24d73fd796eb15bd,https://sr.linkedin.com/jobs/view/lektor-ka-chemie-at-university-of-chemistry-and-technology-in-prague-uct-prague-4458804014,Lektor/ka chemie,University of Chemistry and Technology in Prague (UCT Prague),posted,2026-08-31T05:54:59.642638,256
4573a23f143d96cd,https://sr.linkedin.com/jobs/view/hr-department-manager-at-sbm-offshore-4443195718,HR Department Manager,,scraped,2026-09-07T04:57:34.171529,
7f6c72a9a911e304,https://sr.linkedin.com/jobs/view/business-account-manager-at-digicel-group-4460421401,Business Account Manager,,scraped,2026-09-07T04:57:41.585129,
0f9796806cfbbc83,https://sr.linkedin.com/jobs/view/rigger-at-digicel-group-4460429393,Rigger,,scraped,2026-09-07T04:57:48.417193,
c4e39cc6fa5824d3,https://sr.linkedin.com/jobs/view/finance-administrator-at-vitalux-logistics-llc-4459277659,Finance Administrator,Vitalux Logistics LLC,posted,2026-09-07T04:58:04.442052,258
39fe30bee7cfd534,https://sr.linkedin.com/jobs/view/president-at-thehivecareers-4461945845,President,TheHiveCareers,posted,2026-09-07T04:58:13.827091,260
713846f71f07e0e9,https://sr.linkedin.com/jobs/view/gerente-aduanal-at-vip-talent-4460067736,Gerente Aduanal,VIP TALENT,posted,2026-09-07T04:58:26.771465,262
3ff4d539fd72a12c,https://sr.linkedin.com/jobs/view/junior-reservoir-engineer-at-totalenergies-4453369757,Junior Reservoir Engineer,,scraped,2026-09-07T04:58:29.277677,
ee3d8b6362dc4992,https://sr.linkedin.com/jobs/view/senior-finance-analyst-%E2%80%94-the-flex-at-the-flex-4462826064,Senior Finance Analyst — The Flex,,scraped,2026-09-07T04:58:36.492394,
66fb2e5902e0b9eb,https://sr.linkedin.com/jobs/view/analyst-finance-at-newmont-corporation-4461376294,"Analyst, Finance",Newmont Corporation,posted,2026-09-07T04:58:51.876356,264
033b51042a61df64,https://sr.linkedin.com/jobs/view/supply-chain-officer-at-rosebel-gold-mines-n-v-4463381989,Supply Chain Officer,,scraped,2026-09-07T04:58:54.385681,
3c12459e377b60bf,https://sr.linkedin.com/jobs/view/callcenteragent-at-clean-green-services-4464017892,Callcenteragent,,scraped,2026-09-07T04:59:05.055704,
0d111820688b5371,https://sr.linkedin.com/jobs/view/sr-customer-success-manager-french-speaking-at-constructor-4461419002,Sr. Customer Success Manager (French Speaking),Constructor,posted,2026-09-07T04:59:18.471391,266
f6954c6a9c9a0d47,https://sr.linkedin.com/jobs/view/technicien-frigoriste-chartres-h-f-at-carrier-4460757374,Technicien frigoriste - Chartres H/F,Carrier,posted,2026-09-07T04:59:27.301526,144
e602cbdf6bfca769,https://sr.linkedin.com/jobs/view/jeugdarts-0-4-en-4-18-jaar-%E2%80%93-apeldoorn-2x-24-32-uur-per-week-at-gemeente-apeldoorn-4460723981,Jeugdarts 0-4 en 4-18 jaar – Apeldoorn (2x 24- 32 uur per week),,scraped,2026-09-07T04:59:29.952138,
b27a68fce7dbb18c,https://sr.linkedin.com/jobs/view/ambulant-jeugd-en-gezinswerker-oja%21-at-gemeente-apeldoorn-4460729859,Ambulant Jeugd- en Gezinswerker OJA!,Gemeente Apeldoorn,posted,2026-09-07T04:59:50.574086,268
0420fc4bd2f932cb,https://sr.linkedin.com/jobs/view/klantenservicemedewerker-voor-een-spoorwegmaatschappij-at-concentrix-4357460954,Klantenservicemedewerker voor een spoorwegmaatschappij,Concentrix,posted,2026-09-07T04:59:59.719235,270
831d1fb5bf934720,https://sr.linkedin.com/jobs/view/wijkconsulent-opvoeden-en-opgroeien-at-gemeente-apeldoorn-4460736760,Wijkconsulent Opvoeden en Opgroeien,Gemeente Apeldoorn,posted,2026-09-07T05:00:16.976004,271
f833acd9fe01e18c,https://sr.linkedin.com/jobs/view/geophysicist-at-totalenergies-4464387697,Geophysicist,,scraped,2026-09-14T05:10:18.206060,
06ee3ec1c5cdfc06,https://sr.linkedin.com/jobs/view/accountant-hbo-wo-niveau-4462550640,Accountant (HBO/WO niveau),EBD,posted,2026-09-14T05:10:32.530459,273
e3b517b6e135b154,https://sr.linkedin.com/jobs/view/finance-director-at-thehivecareers-4462981287,Finance Director,TheHiveCareers,posted,2026-09-14T05:10:42.092593,275
a0186cbba3382959,https://sr.linkedin.com/jobs/view/senior-net-backend-developer-at-techstaq-4464327509,Senior .NET Backend Developer,TechStaq,posted,2026-09-14T05:10:52.354923,277
cbea9ff43834a93d,https://sr.linkedin.com/jobs/view/strategic-finance-manager-at-the-flex-4464487190,Strategic Finance Manager,,scraped,2026-09-14T05:10:54.887481,
5c480fba4081f67d,https://sr.linkedin.com/jobs/view/financial-controller-at-hcc-accountants-and-tax-advisors-4463907588,Financial Controller,,scraped,2026-09-14T05:11:01.611831,
2e8ddb24c1cf62fd,https://sr.linkedin.com/jobs/view/finance-director-suriname-at-argos-suriname-4464607878,FINANCE DIRECTOR - SURINAME,ARGOS Suriname,posted,2026-09-14T05:11:16.952468,279
8892c75af81897b1,https://sr.linkedin.com/jobs/view/career-opportunities-head-environmental-quality-1891-at-staatsolie-maatschappij-suriname-n-v-4462208729,Career Opportunities: Head Environmental & Quality (1891),,scraped,2026-09-14T05:11:19.349276,
61b4ef06ca2478bb,https://sr.linkedin.com/jobs/view/business-intelligence-analyst-at-techstaq-4464335183,Business Intelligence Analyst,TechStaq,posted,2026-09-14T05:11:31.539147,281
51bfeafe251a903a,https://sr.linkedin.com/jobs/view/dutch-speaking-presales-representative-at-pexly-4465644303,Dutch speaking PreSales Representative,PEXLY,posted,2026-09-14T05:11:45.130541,283
74c4ad633c113ec5,https://sr.linkedin.com/jobs/view/advisor-work-management-at-newmont-corporation-4462960156,"Advisor, Work Management",Newmont Corporation,posted,2026-09-14T05:11:53.807580,285
23d3aa776415196b,https://sr.linkedin.com/jobs/view/logistics-analyst-at-the-heineken-company-4463515833,Logistics Analyst,The HEINEKEN Company,posted,2026-09-14T05:12:06.185855,287
4fcfcb9cf3050f4a,https://sr.linkedin.com/jobs/view/sovereign-cloud-sales-specialist-at-cloudera-4456212739,Sovereign Cloud Sales Specialist,Cloudera,posted,2026-09-14T05:12:14.677673,289
1cb3eab506d45373,https://sr.linkedin.com/jobs/view/finance-internal-controller-audit-coordinator-at-totalenergies-4465301030,Finance Internal Controller & Audit Coordinator,,scraped,2026-09-14T05:12:17.227736,
e93c10d49bbb1cb3,https://sr.linkedin.com/jobs/view/hse-technician-at-airswift-4465841884,HSE Technician,Airswift,posted,2026-09-14T05:12:31.210090,291
a18bb411ec581916,https://sr.linkedin.com/jobs/view/drill-support-vessell-superintendent-at-kintec-global-recruitment-4461883435,Drill Support Vessell Superintendent,,scraped,2026-09-14T05:12:33.828295,
a2e5dab2a4121949,https://sr.linkedin.com/jobs/view/client-representative-at-mph-4462205641,Client Representative,,scraped,2026-09-14T05:12:40.754915,
3fd67d3ce80b2cd8,https://sr.linkedin.com/jobs/view/dutch-language-expert-at-sme-careers-4464357455,Dutch Language Expert,SME Careers,posted,2026-09-14T05:13:02.462743,293
ab03cdb0f4bd2a94,https://sr.linkedin.com/jobs/view/consultancy-for-the-creation-and-promotion-of-natural-hazard-awareness-tools-in-the-caribbean-at-reliefweb-4464372403,Consultancy for the creation and promotion of natural hazard awareness tools in the Caribbean,ReliefWeb,posted,2026-09-14T05:13:10.675383,295
5a36564381de8f51,https://sr.linkedin.com/jobs/view/administrative-assistant-at-university-of-chemistry-and-technology-in-prague-uct-prague-4464228597,Administrative Assistant,University of Chemistry and Technology in Prague (UCT Prague),posted,2026-09-14T05:13:20.140585,297
f814ac7c975eae1e,https://sr.linkedin.com/jobs/view/legal-specialist-at-innodata-inc-4462218387,Legal Specialist,Innodata Inc.,posted,2026-09-14T05:13:27.620353,299
e6b6f02c662c5065,https://sr.linkedin.com/jobs/view/applications-specialist-for-colorants-at-solenis-4462236475,Applications Specialist for Colorants,Solenis,posted,2026-09-14T05:13:35.664971,301
45a46ecfdb9b862d,https://sr.linkedin.com/jobs/view/data-entry-specialist-at-myremoteteam-inc-4466452415,Data Entry Specialist,MyRemoteTeam Inc,posted,2026-09-14T05:13:45.497611,303
880f3afca27bed07,https://sr.linkedin.com/jobs/view/consultant-ind%C3%A9pendant-%E2%80%93-auditeur-formateur-en-s%C3%A9curit%C3%A9-alimentaire-freelance-at-diversey-4464202017,Consultant Indépendant – Auditeur / Formateur en Sécurité Alimentaire (Freelance),Diversey,posted,2026-09-14T05:13:53.973984,305
b7a8a1068a5fda28,https://sr.linkedin.com/jobs/view/banco-de-talentos-suriname-at-abler-vagas-4464694442,BANCO DE TALENTOS - SURINAME,abler Vagas,posted,2026-09-14T05:14:02.440556,307
a55b9b9bbf9106c0,https://sr.linkedin.com/jobs/view/ai-trainer-azerbaijani-france-at-gradient-consulting-4464769086,AI Trainer - Azerbaijani - France,,scraped,2026-09-14T05:14:05.024084,
22c227b6ae38dfab,https://sr.linkedin.com/jobs/view/hr-coordinator-at-rosebel-gold-mines-n-v-4465856236,HR Coordinator,,scraped,2026-09-14T05:14:11.637025,
7814f5cb990a4b1f,https://sr.linkedin.com/jobs/view/mine-business-analyst-at-rosebel-gold-mines-n-v-4466797268,Mine Business Analyst,,scraped,2026-09-14T05:14:18.023547,
d26209aeab60bb37,https://sr.linkedin.com/jobs/view/junior-engineer-tailings-at-rosebel-gold-mines-n-v-4466784312,Junior Engineer Tailings,,scraped,2026-09-14T05:14:24.254924,
c0a09fcdd6f4a2cf,https://sr.linkedin.com/jobs/view/senior-reliability-technician-at-rosebel-gold-mines-n-v-4466799245,Senior Reliability Technician,,scraped,2026-09-14T05:14:30.281363,
1adb9a47621663a6,https://sr.linkedin.com/jobs/view/mine-engineer-at-rosebel-gold-mines-n-v-4467002191,Mine Engineer,,scraped,2026-09-14T05:14:36.353381,
3cfd37a5ed726221,https://sr.linkedin.com/jobs/view/field-technician-tailings-at-rosebel-gold-mines-n-v-4466781403,Field Technician Tailings,,scraped,2026-09-14T05:14:42.421886,
87d8509e24fff5e9,https://sr.linkedin.com/jobs/view/mine-technology-technician-at-rosebel-gold-mines-n-v-4466798258,Mine Technology Technician,,scraped,2026-09-14T05:14:48.452294,
fae65c429073b26f,https://sr.linkedin.com/jobs/view/service-manager-at-digicel-group-4460433370,Service Manager,,scraped,2026-09-14T05:14:54.547653,
34324aae1fca38de,https://sr.linkedin.com/jobs/view/hr-trainer-lead-at-rosebel-gold-mines-n-v-4466795264,HR Trainer Lead,,scraped,2026-09-14T05:15:01.074173,
e60f587306b9fb5c,https://sr.linkedin.com/jobs/view/direct-sales-agent-at-digicel-group-4460430501,Direct Sales Agent,,scraped,2026-09-14T05:15:07.090909,
c881b520385747ed,https://sr.linkedin.com/jobs/view/responsable-commercial-h%C3%B4pital-awm-at-smith%2Bnephew-4462957894,Responsable Commercial Hôpital AWM,,scraped,2026-09-14T05:15:21.383960,
0dbd56f5778a7382,https://sr.linkedin.com/jobs/view/consultant-ind%C3%A9pendant-%E2%80%93-auditeur-formateur-en-s%C3%A9curit%C3%A9-alimentaire-freelance-at-diversey-4463989560,Consultant Indépendant – Auditeur / Formateur en Sécurité Alimentaire (Freelance),Diversey,scraped,2026-09-14T05:15:30.326427,
cdad9cdb228be671,https://sr.linkedin.com/jobs/view/hr-department-manager-at-sbm-offshore-n-v-4469137094,HR Department Manager,SBM Offshore N.V.,posted,2026-09-21T05:09:46.840117,210
7002b407632f2211,https://sr.linkedin.com/jobs/view/project-coordinator-sr-at-core-code-io-4468414600,Project Coordinator SR,Core Code io,posted,2026-09-21T05:09:56.202507,309
eab1ced674d966e7,https://sr.linkedin.com/jobs/view/recruitment-payroll-administrator-at-smart-connexxionz-business-4466910890,Recruitment & Payroll Administrator,,scraped,2026-09-21T05:09:58.799097,
7358d8b6c5446ad8,https://sr.linkedin.com/jobs/view/equipment-operator-at-slb-4469104143,Equipment Operator,SLB,posted,2026-09-21T05:10:13.249167,311
684c0192561dd959,https://sr.linkedin.com/jobs/view/project-manager-software-development-latin-america-remote-at-bluelight-4469820620,"Project Manager (Software Development) -  Latin America, Remote",Bluelight,posted,2026-09-21T05:10:23.982990,313
156070b993b1bb40,https://sr.linkedin.com/jobs/view/project-manager-at-airswift-4466275094,Project Manager,Airswift,posted,2026-09-21T05:10:32.614168,315
1d625d836b5e1cd7,https://sr.linkedin.com/jobs/view/project-manager-software-development-latin-america-remote-at-bluelight-4469819615,"Project Manager (Software Development) -  Latin America, Remote",Bluelight,posted,2026-09-21T05:10:37.225548,313
740ba595e13dd34a,https://sr.linkedin.com/jobs/view/onesubsea-field-engineer-at-slb-4466946790,OneSubsea Field Engineer,SLB,posted,2026-09-21T05:10:45.570630,317
9362ca619015c68f,https://sr.linkedin.com/jobs/view/contract-engineering-at-airswift-4469221663,Contract Engineering,Airswift,posted,2026-09-21T05:10:55.904673,319
fda0d8914a8deb90,https://sr.linkedin.com/jobs/view/eu-expert-digital-solutions-manager-at-solenis-4464224918,EU Expert Digital Solutions Manager,Solenis,posted,2026-09-21T05:11:04.754212,321
99847f9be278df03,https://sr.linkedin.com/jobs/view/senior-contract-engineer-drilling-wells-and-marine-logistics-offshore-support-at-iota-group-4467976081,Senior Contract Engineer (Drilling & Wells and Marine Logistics & Offshore Support),,scraped,2026-09-21T05:11:07.376597,
5914542c3cc5d88a,https://sr.linkedin.com/jobs/view/procurement-specialist-at-kintec-global-recruitment-4465961700,Procurement Specialist,,scraped,2026-09-21T05:11:14.540053,
161dac30d1cdeb8f,https://sr.linkedin.com/jobs/view/superintendent-mechanical-plant-maintenance-suriname-at-newmont-corporation-4466596869,"Superintendent, Mechanical Plant Maintenance - Suriname",Newmont Corporation,posted,2026-09-21T05:11:28.041885,323
613e287af7bb8212,https://sr.linkedin.com/jobs/view/tas-contract-engineer-at-brunel-4466843804,TAS - Contract Engineer,,scraped,2026-09-21T05:11:30.583759,
276a8fdfc40da052,https://sr.linkedin.com/jobs/view/presales-sr-solutions-architect-french-defense-and-intelligence-at-planet-4375600809,PreSales Sr. Solutions Architect - French Defense and Intelligence,Planet,posted,2026-09-21T05:11:43.647464,325
24b1af80f407085f,https://sr.linkedin.com/jobs/view/suriname-paramaribo-tool-technician-completion-tools-at-halliburton-4467892292,Suriname - Paramaribo: Tool Technician - Completion Tools,Halliburton,posted,2026-09-21T05:11:52.540274,327
322b8c0ebbb6559b,https://sr.linkedin.com/jobs/view/drilling-completion-superintendent-onshore-at-orion-group-4469533229,Drilling & Completion Superintendent - Onshore,,scraped,2026-09-21T05:11:57.179200,
f744ea45505097a7,https://sr.linkedin.com/jobs/view/ubuntu-linux-user-for-ai-data-training-at-sme-careers-4431371545,Ubuntu/Linux User for AI Data Training,SME Careers,posted,2026-09-21T05:12:09.736314,329
bb823629f8a8def9,https://sr.linkedin.com/jobs/view/engineering-stagiair-e-at-vicoma-4466210074,Engineering stagiair(e),,scraped,2026-09-21T05:12:12.272624,
76d4b7188202d565,https://sr.linkedin.com/jobs/view/diagnostiqueur-immobilier-h-f-at-diagamter-bordeaux-nord-4468606244,Diagnostiqueur Immobilier H/F,,scraped,2026-09-21T05:12:20.458196,
f0ab5b4df3b71412,https://sr.linkedin.com/jobs/view/vacature-marketing-content-specialist-e-24%E2%80%9332-uur-at-compagnon-projectontwikkeling-4466289475,Vacature: Marketing & Content Specialist(e) (24–32 uur),,scraped,2026-09-21T05:12:27.696088,
03fe920727d46a14,https://sr.linkedin.com/jobs/view/adviseur-pgb-huisbezoeken-regio-zuid-hollandse-eilanden-at-cz-4467990072,Adviseur pgb Huisbezoeken regio Zuid Hollandse Eilanden,,scraped,2026-09-21T05:12:35.345196,
d9687692678cc57b,https://sr.linkedin.com/jobs/view/software-architect-aws-nodejs-latin-america-remote-at-bluelight-4469825415,"Software Architect (AWS, NodeJS) - Latin America, Remote",Bluelight,posted,2026-09-21T05:12:48.789617,331
3786c617b64fccae,https://sr.linkedin.com/jobs/view/software-architect-aws-nodejs-latin-america-remote-at-bluelight-4469807911,"Software Architect (AWS, NodeJS) - Latin America, Remote",Bluelight,posted,2026-09-21T05:12:53.468608,331
3d761f22bc9b2dda,https://sr.linkedin.com/jobs/view/onesubsea-field-specialist-at-slb-4466940966,OneSubsea Field Specialist,SLB,posted,2026-09-21T05:13:03.140569,333
f1d08c324cde90a4,https://sr.linkedin.com/jobs/view/devops-sre-devsecops-engineer-aws-latin-america-remote-at-bluelight-4469823432,"DevOps / SRE / DevSecOps Engineer (AWS) -  Latin America, Remote",Bluelight,posted,2026-09-21T05:13:11.908913,335
35942c3d3913823b,https://sr.linkedin.com/jobs/view/devops-sre-devsecops-engineer-aws-latin-america-remote-at-bluelight-4469810803,"DevOps / SRE / DevSecOps Engineer (AWS) -  Latin America, Remote",Bluelight,posted,2026-09-21T05:13:16.566363,335
86040bfe4449f61c,https://sr.linkedin.com/jobs/view/video-editor-at-the-flex-4471896460,Video Editor,,scraped,2026-09-28T05:36:32.614903,
13e95faacd430a90,https://sr.linkedin.com/jobs/view/hostess-4469796501,Hostess,Hotel Torarica,failed|wp_post_failed,2026-09-28T05:36:43.458982,
62685afe7eb4759a,https://sr.linkedin.com/jobs/view/recruitment-payroll-administrator-at-smart-connexxionz-business-4470180648,Recruitment & Payroll Administrator,,scraped,2026-09-28T05:36:46.012771,
76aa272269aa5b2a,https://sr.linkedin.com/jobs/view/procurement-officer-at-cirkel-group-n-v-4468903547,Procurement Officer,,scraped,2026-09-28T05:36:53.868200,
8029b048cecf9724,https://sr.linkedin.com/jobs/view/human-resources-manager-at-rosebel-gold-mines-n-v-4472066110,Human Resources Manager,,scraped,2026-09-28T05:37:01.905684,
1714f86e1db47f91,https://sr.linkedin.com/jobs/view/product-designer-at-the-flex-4472410125,Product Designer,,scraped,2026-09-28T05:37:10.154852,
fdb0222b083e8323,https://sr.linkedin.com/jobs/view/customer-service-specialist-at-tp-4468940412,Customer Service Specialist,,scraped,2026-09-28T05:37:18.826609,
3021035f773db048,https://sr.linkedin.com/jobs/view/finance-manager-cbsc-at-sbm-offshore-n-v-4472400702,Finance Manager - CBSC,SBM Offshore N.V.,failed|wp_post_failed,2026-09-28T05:37:31.622120,
6f57a5340bb55ade,https://sr.linkedin.com/jobs/view/maintenance-specialist-at-chrysos-corporation-4468392824,Maintenance Specialist,,scraped,2026-09-28T05:37:34.146939,
e6dfa21367c7e84f,https://sr.linkedin.com/jobs/view/team-coach-telecom-at-wengage-suriname-4469451872,Team Coach Telecom,WEngage Suriname,failed|wp_post_failed,2026-09-28T05:37:48.093770,
d38693fbd0d25a89,https://sr.linkedin.com/jobs/view/project-manager-at-conservation-international-4470245562,Project Manager,Conservation International,failed|wp_post_failed,2026-09-28T05:37:56.332277,
de9d2f003ab0e55a,https://sr.linkedin.com/jobs/view/retail-salesperson-4468929677,Retail Salesperson,Cemdee International NV,failed|wp_post_failed,2026-09-28T05:38:03.030569,
1411a6511fb1c83e,https://sr.linkedin.com/jobs/view/manager-exploration-near-mine-brownfields-merian-at-newmont-corporation-4469041482,Manager Exploration Near Mine & Brownfields Merian,Newmont Corporation,failed|wp_post_failed,2026-09-28T05:38:11.414867,
43f36913b5128606,https://sr.linkedin.com/jobs/view/business-manager-animal-nutrition-specialty-at-evonik-4451185220,Business Manager Animal Nutrition Specialty,,scraped,2026-09-28T05:38:14.007795,
5b672b07cd223b3f,https://sr.linkedin.com/jobs/view/suriname-paramaribo-laboratory-technician-chemistry-associate-cementing-at-halliburton-4469071509,"Suriname - Paramaribo: Laboratory Technician, Chemistry Associate - Cementing",Halliburton,failed|wp_post_failed,2026-09-28T05:38:27.243181,
822219d20eebad6a,https://sr.linkedin.com/jobs/view/contract-engineer-at-vinci-energies-4471862937,CONTRACT ENGINEER,,scraped,2026-09-28T05:38:29.816108,
b1a824b0b4b7dfe3,https://sr.linkedin.com/jobs/view/advisor-environment-lab-at-newmont-corporation-4469001400,"Advisor, Environment Lab",Newmont Corporation,failed|wp_post_failed,2026-09-28T05:38:42.576582,
0ca478bcbfe4a96c,https://sr.linkedin.com/jobs/view/field-specialist-trainee-at-slb-4470151493,Field Specialist Trainee,SLB,failed|wp_post_failed,2026-09-28T05:38:50.991341,
6f4eb2b324556089,https://sr.linkedin.com/jobs/view/coastal-multi-use-management-area-muma-plans-assessment-consultant-at-alinea-international-4468704759,Coastal Multi Use Management Area (MUMA) Plans Assessment Consultant,,scraped,2026-09-28T05:38:53.582727,
bb8f179bf6f78e8b,https://sr.linkedin.com/jobs/view/face-deduplication-collection-work-from-home-opportunity-at-telus-digital-4471102447,Face Deduplication Collection - Work From Home Opportunity,,scraped,2026-09-28T05:39:02.031600,
f06e717fcf10c85e,https://sr.linkedin.com/jobs/view/data-entry-specialist-at-myremoteteam-inc-4471185992,Data Entry Specialist,MyRemoteTeam Inc,failed|wp_post_failed,2026-09-28T05:39:13.149551,
de5ceddb5064f2fb,https://sr.linkedin.com/jobs/view/adminstratief-medewerker-at-mi-melodi-muziekschool-4469343180,Adminstratief Medewerker,,scraped,2026-09-28T05:39:15.685556,
330ac7318352537d,https://sr.linkedin.com/jobs/view/ubuntu-linux-user-for-ai-data-training-at-sme-careers-4472479556,Ubuntu/Linux User for AI Data Training,SME Careers,failed|wp_post_failed,2026-09-28T05:39:26.469443,
11f25bf2b4091878,https://sr.linkedin.com/jobs/view/hr-adviseur-at-centraal-orgaan-opvang-asielzoekers-coa-4468113541,HR adviseur,,scraped,2026-09-28T05:39:28.931776,
45f20571a5dc6bef,https://sr.linkedin.com/jobs/view/t%C3%A9cnico-a-de-proyectos-at-oca-global-4462871321,Técnico/a de Proyectos,,scraped,2026-09-28T05:39:36.590931,
27dc2e352e2cd663,https://sr.linkedin.com/jobs/view/brig%C3%A1da-do-farmaceutick%C3%A9-v%C3%BDroby-%E2%80%93-jesenice-u-prahy-at-university-of-chemistry-and-technology-in-prague-uct-prague-4470570622,BRIGÁDA do farmaceutické výroby – Jesenice u Prahy.,University of Chemistry and Technology in Prague (UCT Prague),failed|wp_post_failed,2026-09-28T05:39:53.046336,
